INDEX_NAME,INDEX_KEY,INDEX_CODE,FILE_DATE,EFFECTIVE_DATE,CURRENT_COMPANY_NAME,CURRENT_COUNTRY_OF_LISTING,CURRENT_CURRENCY_CODE,CURRENT_RIC,CURRENT_CUSIP,CURRENT_TICKER,CURRENT_ISIN,CURRENT_SEDOL,CURRENT_BLOOMBERG_TICKER,CURRENT_MIC,CURRENT_GV_KEY,INSTRUMENT_KEY,CURRENT_GICS_CODE,ANNOUNCEMENT_ID,SEQUENCE_NO,CURRENT_IWF,FX_RATE,NET_DIVIDEND,GROWTH,VALUE,ACTION_TYPE,CURRENT_SHARES_OUTSTANDING,CURRENT_AWF,CURRENT_INDEX_SHARES,DIVIDEND,LAST_UPDATED_DATE,CURRENT_COUNTRY_OF_DOMICILE,ACTION_GROUP,STATUS,CLOSE_OF_BUSINESS_DATE,CURRENT_DJI_INDUSTRY_CODE,INDEX_SHARES_PRIOR_EVENTS,INDEX_SHARES_POST_EVENTS,CURRENT_PRICE,DIVIDEND_CURRENCY,FRANKING_RATE,CURRENT_TAX_RATE,INDEX_CURRENCY,COMMENTS,SPIN_TARGET_NAME,SPIN_TARGET_TICKER,SPIN_TARGET_STOCK_KEY,SPIN_TARGET_MIC,NEW_RIC,NEW_BLOOMBERG_TICKER,NEW_MIC,RATIO_RECEIVED,RATIO_HELD,ACQUIRER_NAME,CASH_AMOUNT,REFERENCE_DATE
S&P 500,SPUSA-500-USDUF--P-US-L--,500,20251204,20251208,Becton Dickinson & Co,US,USD,BDX.N,75887109,BDX,US0758871091,2087807,BDX UN,XNYS,211101,5161,35101010,24987312,1,1,1,0.735,0,1,Dividend,286627000,1,286627000,1.05,20251128,US,Distribution,Finalized,20251205,D4000450045304535,286627000,286627000,193.76,USD,0,0.3,USD,,,,,,,,,,,,,
S&P 500,SPUSA-500-USDUF--P-US-L--,500,20251204,20251215,Walt Disney Co,US,USD,DIS.N,254687106,DIS,US2546871060,2270726,DIS UN,XNYS,398001,5179,50202010,24991230,1,1,1,0.525,0,1,Dividend,1797934000,1,1797934000,0.75,20251204,US,Distribution,Finalized,20251212,D5000550055505553,1797934000,1797934000,105.47,USD,0,0.3,USD,,,,,,,,,,,,,
S&P 500,SPUSA-500-USDUF--P-US-L--,500,20251204,20251205,Union Pacific Corp,US,USD,UNP.N,907818108,UNP,US9078181081,2914734,UNP UN,XNYS,1086701,5067,20304010,24987214,1,1,1,0.966,0,1,Dividend,593040000,1,593040000,1.38,20251128,US,Distribution,Finalized,20251204,D2000270027702775,593040000,593040000,237.29,USD,0,0.3,USD,,,,,,,,,,,,,
S&P 500,SPUSA-500-USDUF--P-US-L--,500,20251204,20251216,American Intl Group Inc,US,USD,AIG.N,26874784,AIG,US0268747849,2027342,AIG UN,XNYS,148701,5153,40301040,24991278,1,1,1,0.315,0,1,Dividend,554004000,1,554004000,0.45,20251204,US,Distribution,Finalized,20251215,D8000850085308536,554004000,554004000,77.28,USD,0,0.3,USD,,,,,,,,,,,,,
S&P 500,SPUSA-500-USDUF--P-US-L--,500,20251204,20251210,Occidental Petroleum,US,USD,OXY.N,674599105,OXY,US6745991058,2655408,OXY UN,XNYS,806801,5206,10102010,24988203,1,0.73,1,0.168,0,1,Dividend,984440000,1,718641200,0.24,20251201,US,Distribution,Finalized,20251209,D0001050005300537,718641200,718641200,42.67,USD,0,0.3,USD,,,,,,,,,,,,,
S&P 500,SPUSA-500-USDUF--P-US-L--,500,20251204,20251215,Iron Mountain Inc,US,USD,IRM.N,46284V101,IRM,US46284V1017,BVFTF03,IRM UN,XNYS,6237401,15694,60108010,24990290,1,1,1,0.6048,1,0,Dividend,295348000,1,295348000,0.864,20251203,US,Distribution,Finalized,20251212,D8000860086708675,295348000,295348000,85.03,USD,0,0.3,USD,,,,,,,,,,,,,
S&P 500,SPUSA-500-USDUF--P-US-L--,500,20251204,20251215,Motorola Solutions Inc,US,USD,MSI.N,620076307,MSI,US6200763075,B5BKPQ4,MSI UN,XNYS,758501,4787,45201020,24990279,1,1,1,0.847,1,0,Dividend,166604000,1,166604000,1.21,20251203,US,Distribution,Finalized,20251212,D9000950095709578,166604000,166604000,371.49,USD,0,0.3,USD,,,,,,,,,,,,,
S&P 500,SPUSA-500-USDUF--P-US-L--,500,20251204,20251205,Kimberly-Clark,US,USD,KMB.OQ,494368103,KMB,US4943681035,2491839,KMB UQ,XNAS,643501,5112,30301010,24987482,1,1,1,0.882,0,1,Dividend,331780000,1,331780000,1.26,20251128,US,Distribution,Finalized,20251204,D3000370037203724,331780000,331780000,104.94,USD,0,0.3,USD,Ordinary dividend,,,,,,,,,,,,
S&P 500,SPUSA-500-USDUF--P-US-L--,500,20251204,20251208,Unitedhealth Group Inc,US,USD,UNH.N,91324P102,UNH,US91324P1021,2917766,UNH UN,XNYS,1090301,4502,35102030,24987385,1,1,1,1.547,0,1,Dividend,905674000,1,905674000,2.21,20251128,US,Distribution,Finalized,20251205,D4000450045304533,905674000,905674000,333.49,USD,0,0.3,USD,,,,,,,,,,,,,
S&P 500,SPUSA-500-USDUF--P-US-L--,500,20251204,20251205,Arthur J. Gallagher & Co,US,USD,AJG.N,363576109,AJG,US3635761097,2359506,AJG UN,XNYS,497301,4320,40301010,24987200,1,1,1,0.455,0.45,0.55,Dividend,256363000,1,256363000,0.65,20251128,US,Distribution,Finalized,20251204,D8000850085308534,256363000,256363000,245.41,USD,0,0.3,USD,,,,,,,,,,,,,
S&P 500,SPUSA-500-USDUF--P-US-L--,500,20251204,20251205,Waste Management Inc,US,USD,WM.N,94106L109,WM,US94106L1098,2937667,WM UN,XNYS,1447701,10402,20201050,24987283,1,0.92,1,0.5775,0.53,0.47,Dividend,402830000,1,370603600,0.825,20251128,US,Distribution,Finalized,20251204,D2000270027902799,370603600,370603600,214.19,USD,0,0.3,USD,,,,,,,,,,,,,
S&P 500,SPUSA-500-USDUF--P-US-L--,500,20251204,20251210,NXP Semiconductor NV,US,USD,NXPI.OQ,N6596X109,NXPI,NL0009538784,B505PN7,NXPI UQ,XNAS,18472501,226784,45301020,24990106,1,1,1,0.7098,0.4,0.6,Dividend,252115000,1,252115000,1.014,20251203,US,Distribution,Finalized,20251209,D9000950095709576,252115000,252115000,226.16,USD,0,0.3,USD,Ordinary dividend,,,,,,,,,,,,
S&P 500,SPUSA-500-USDUF--P-US-L--,500,20251204,20251215,Thermo Fisher Scientific,US,USD,TMO.N,883556102,TMO,US8835561023,2886907,TMO UN,XNYS,1053001,4493,35203010,24990561,1,1,1,0.301,0,1,Dividend,377612000,1,377612000,0.43,20251203,US,Distribution,Finalized,20251212,D4000450045704573,377612000,377612000,575.24,USD,0,0.3,USD,,,,,,,,,,,,,
S&P 500,SPUSA-500-USDUF--P-US-L--,500,20251204,20251215,Devon Energy Corp,US,USD,DVN.N,25179M103,DVN,US25179M1036,2480677,DVN UN,XNYS,1493401,8543,10102020,24989720,1,1,1,0.168,0,1,Dividend,634800000,1,634800000,0.24,20251202,US,Distribution,Finalized,20251212,D0001050005300533,634800000,634800000,37.71,USD,0,0.3,USD,,,,,,,,,,,,,
S&P 500,SPUSA-500-USDUF--P-US-L--,500,20251204,20251205,Booking Holdings Inc,US,USD,BKNG.OQ,09857L108,BKNG,US09857L1089,BDRXDB4,BKNG UQ,XNAS,11931401,27389,25301020,24987543,1,1,1,6.72,1,0,Dividend,32410000,1,32410000,9.6,20251128,US,Distribution,Finalized,20251204,D5000570057505759,32410000,32410000,5027.2,USD,0,0.3,USD,Ordinary dividend,,,,,,,,,,,,
S&P 500,SPUSA-500-USDUF--P-US-L--,500,20251204,20251215,Merck & Co Inc,US,USD,MRK.N,58933Y105,MRK,US58933Y1055,2778844,MRK UN,XNYS,725701,4715,35202010,24990276,1,1,1,0.595,0,1,Dividend,2497783000,1,2497783000,0.85,20251203,US,Distribution,Finalized,20251212,D4000450045704577,2497783000,2497783000,100.89,USD,0,0.3,USD,,,,,,,,,,,,,
S&P 500,SPUSA-500-USDUF--P-US-L--,500,20251204,20251215,HCA Healthcare Inc,US,USD,HCA.N,40412C101,HCA,US40412C1018,B4MGBG6,HCA UN,XNYS,2226004,271903,35102020,24990303,1,0.7,1,0.504,0.59,0.41,Dividend,233994000,1,163795800,0.72,20251203,US,Distribution,Finalized,20251212,D4000450045304533,163795800,163795800,487.66,USD,0,0.3,USD,,,,,,,,,,,,,
S&P 500,SPUSA-500-USDUF--P-US-L--,500,20251204,20251215,Crown Castle Inc.,US,USD,CCI.N,22822V101,CCI,US22822V1017,BTGQCX1,CCI UN,XNYS,11349001,26561,60108030,24989723,1,1,1,0.74375,0,1,Dividend,435470000,1,435470000,1.0625,20251202,US,Distribution,Finalized,20251212,D8000860086708675,435470000,435470000,88.61,USD,0,0.3,USD,,,,,,,,,,,,,
S&P 500,SPUSA-500-USDUF--P-US-L--,500,20251204,20251216,ProLogis Inc,US,USD,PLD.N,74340W103,PLD,US74340W1036,B44WZD7,PLD UN,XNYS,2998401,24872,60102510,24991272,1,1,1,0.707,0,1,Dividend,928063000,1,928063000,1.01,20251204,US,Distribution,Finalized,20251215,D8000860086708671,928063000,928063000,128.18,USD,0,0.3,USD,,,,,,,,,,,,,
S&P 500,SPUSA-500-USDUF--P-US-L--,500,20251204,20251211,HP Inc,US,USD,HPQ.N,40434L105,HPQ,US40434L1052,BYX4D52,HPQ UN,XNYS,560601,5037,45202030,24988860,1,1,1,0.21,0,1,Dividend,939273000,1,939273000,0.3,20251201,US,Distribution,Finalized,20251210,D9000950095709572,939273000,939273000,25.9,USD,0,0.3,USD,,,,,,,,,,,,,
S&P 500,SPUSA-500-USDUF--P-US-L--,500,20251204,20251215,DTE Energy Co,US,USD,DTE.N,233331107,DTE,US2333311072,2280220,DTE UN,XNYS,389701,4956,55103010,24990282,1,1,1,0.8155,0,1,Dividend,207588000,1,207588000,1.165,20251203,US,Distribution,Finalized,20251212,D7000750075707575,207588000,207588000,132.16,USD,0,0.3,USD,,,,,,,,,,,,,
S&P 500,SPUSA-500-USDUF--P-US-L--,500,20251204,20251216,Intercontinental Exchange Inc,US,USD,ICE.N,45866F104,ICE,US45866F1049,BFSSDS9,ICE UN,XNYS,16361001,42866,40203040,24991242,1,1,1,0.336,0.52,0.48,Dividend,572423000,1,572423000,0.48,20251204,US,Distribution,Finalized,20251215,D8000870087708777,572423000,572423000,159.11,USD,0,0.3,USD,,,,,,,,,,,,,
S&P 500,SPUSA-500-USDUF--P-US-L--,500,20251204,20251209,Ameren Corp,US,USD,AEE.N,23608102,AEE,US0236081024,2050832,AEE UN,XNYS,1086001,4887,55103010,24987408,1,1,1,0.497,0,1,Dividend,270410000,1,270410000,0.71,20251128,US,Distribution,Finalized,20251208,D7000750075707575,270410000,270410000,100.85,USD,0,0.3,USD,,,,,,,,,,,,,
S&P 500,SPUSA-500-USDUF--P-US-L--,500,20251204,20251205,Bank of America Corp,US,USD,BAC.N,60505104,BAC,US0605051046,2295677,BAC UN,XNYS,764701,6047,40101010,24987220,1,0.92,1,0.196,0,1,Dividend,7406947000,1,6814391240,0.28,20251128,US,Distribution,Finalized,20251204,D8000830083508355,6814391240,6804391240,54.16,USD,0,0.3,USD,,,,,,,,,,,,,
S&P 500,SPUSA-500-USDUF--P-US-L--,500,20251204,20251212,Textron Inc,US,USD,TXT.N,883203101,TXT,US8832031012,2885937,TXT UN,XNYS,1051901,4764,20101010,24989008,1,1,1,0.014,0,1,Dividend,178205000,1,178205000,0.02,20251201,US,Distribution,Finalized,20251211,D2000270027102713,178205000,178205000,83.14,USD,0,0.3,USD,,,,,,,,,,,,,
S&P 500,SPUSA-500-USDUF--P-US-L--,500,20251204,20251205,Molson Coors Beverage Co B,US,USD,TAP.N,60871R209,TAP,US60871R2094,B067BM3,TAP UN,XNYS,350501,5226,30201010,24987217,1,0.88,1,0.329,0,1,Dividend,192482000,1,169384160,0.47,20251128,US,Distribution,Finalized,20251204,D3000350035303533,169384160,169384160,45.57,USD,0,0.3,USD,,,,,,,,,,,,,
S&P 500,SPUSA-500-USDUF--P-US-L--,500,20251204,20251205,BlackRock Inc,US,USD,BLK.N,09290D101,BLK,US09290D1019,BMZBBT7,BLK UN,XNYS,12443401,29336,40203010,24987235,1,0.93,1,3.647,0,1,Dividend,154853000,1,144013290,5.21,20251128,US,Distribution,Finalized,20251204,D8000870087708771,144013290,144013290,1075.58,USD,0,0.3,USD,,,,,,,,,,,,,
S&P 500,SPUSA-500-USDUF--P-US-L--,500,20251204,20251215,Public Storage,US,USD,PSA.N,74460D109,PSA,US74460D1090,2852533,PSA UN,XNYS,1009601,4481,60108020,24990417,1,0.9,1,2.1,1,0,Dividend,175453000,1,157907700,3,20251203,US,Distribution,Finalized,20251212,D8000860086708675,157907700,157907700,276.63,USD,0,0.3,USD,,,,,,,,,,,,,
S&P 500,SPUSA-500-USDUF--P-US-L--,500,20251204,20251212,Garmin Ltd,US,USD,GRMN.N,H2906T109,GRMN,CH0114405324,B3Z5T14,GRMN UN,XNYS,14145901,33504,25201010,24989015,1,0.85,1,0.63,1,0,Dividend,192494000,1,163619900,0.9,20251201,US,Distribution,Finalized,20251211,D9000950095709578,163619900,163619900,202.09,USD,0,0.3,USD,,,,,,,,,,,,,
S&P 500,SPUSA-500-USDUF--P-US-L--,500,20251204,20251216,Amphenol Corp A,US,USD,APH.N,32095101,APH,US0320951017,2145084,APH UN,XNYS,1428201,8455,45203015,24991281,1,1,1,0.175,1,0,Dividend,1220921000,1,1220921000,0.25,20251204,US,Distribution,Finalized,20251215,D2000270027302737,1220921000,1210921000,139.46,USD,0,0.3,USD,,,,,,,,,,,,,
S&P 500,SPUSA-500-USDUF--P-US-L--,500,20251204,20251215,Extra Space Storage Inc,US,USD,EXR.N,30225T102,EXR,US30225T1025,B02HWR9,EXR UN,XNYS,16047901,41015,60108020,24990295,1,1,1,1.134,0.45,0.55,Dividend,212254000,1,212254000,1.62,20251203,US,Distribution,Finalized,20251212,D8000860086708675,212254000,212254000,131.09,USD,0,0.3,USD,,,,,,,,,,,,,
S&P 500,SPUSA-500-USDUF--P-US-L--,500,20251204,20251205,"Tapestry, Inc",US,USD,TPR.N,876030107,TPR,US8760301072,BF09HX3,TPR UN,XNYS,14054101,32856,25203010,24987289,1,1,1,0.28,1,0,Dividend,208124000,1,208124000,0.4,20251128,US,Distribution,Finalized,20251204,D3000370037603763,208124000,208124000,115.06,USD,0,0.3,USD,,,,,,,,,,,,,
S&P 500,SPUSA-500-USDUF--P-US-L--,500,20251204,20251205,Genuine Parts Co,US,USD,GPC.N,372460105,GPC,US3724601055,2367480,GPC UN,XNYS,512501,4904,25501010,24987268,1,1,1,0.721,0,1,Dividend,139092000,1,139092000,1.03,20251128,US,Distribution,Finalized,20251204,D3000330033503355,139092000,139092000,130.33,USD,0,0.3,USD,,,,,,,,,,,,,
S&P 500,SPUSA-500-USDUF--P-US-L--,500,20251204,20251208,Analog Devices Inc,US,USD,ADI.OQ,32654105,ADI,US0326541051,2032067,ADI UQ,XNAS,163201,4798,45301020,24988313,1,1,1,0.693,0,1,Dividend,496248000,1,496248000,0.99,20251201,US,Distribution,Finalized,20251205,D9000950095709576,496248000,496248000,277.26,USD,0,0.3,USD,Ordinary dividend,,,,,,,,,,,,
S&P 500,SPUSA-500-USDUF--P-US-L--,500,20251204,20251205,Kimco Realty Corp,US,USD,KIM.N,49446R109,KIM,US49446R1095,2491594,KIM UN,XNYS,2473101,7528,60107010,24987277,1,1,1,0.182,0,1,Dividend,677200000,1,677200000,0.26,20251128,US,Distribution,Finalized,20251204,D8000860086708672,677200000,677200000,20.36,USD,0,0.3,USD,,,,,,,,,,,,,
S&P 500,SPUSA-500-USDUF--P-US-L--,500,20251204,20251212,The Williams Companies Inc,US,USD,WMB.N,969457100,WMB,US9694571004,2967181,WMB UN,XNYS,1150601,4933,10102040,24988989,1,1,1,0.35,0.52,0.48,Dividend,1221177000,1,1221177000,0.5,20251201,US,Distribution,Finalized,20251211,D0001050005700577,1221177000,1221177000,63.66,USD,0,0.3,USD,,,,,,,,,,,,,
S&P 500,SPUSA-500-USDUF--P-US-L--,500,20251204,20251212,Walmart Inc.,US,USD,WMT.OQ,931142103,WMT,US9311421039,2936921,WMT UQ,XNAS,1125901,4888,30101040,24836285,1,0.55,1,0.1645,0.67,0.33,Dividend,7980418000,1,4389229900,0.235,20251124,US,Distribution,Finalized,20251211,D5000530053705373,4389229900,4389229900,114.84,USD,0,0.3,USD,,,,,,,,,,,,,
S&P 500,SPUSA-500-USDUF--P-US-L--,500,20251204,20251205,CH Robinson Worldwide Inc,US,USD,CHRW.OQ,12541W209,CHRW,US12541W2098,2116228,CHRW UQ,XNAS,6560901,24906,20301010,24987502,1,1,1,0.441,0,1,Dividend,118091000,1,118091000,0.63,20251128,US,Distribution,Finalized,20251204,D2000270027702771,118091000,118091000,158.05,USD,0,0.3,USD,Ordinary dividend,,,,,,,,,,,,
S&P 500,SPUSA-500-USDUF--P-US-L--,500,20251204,20251211,Sempra,US,USD,SRE.N,816851109,SRE,US8168511090,2138158,SRE UN,XNYS,827201,4994,55103010,24988858,1,1,1,0.4515,0,1,Dividend,652472000,1,652472000,0.645,20251201,US,Distribution,Finalized,20251210,D7000750075707575,652472000,652472000,90.07,USD,0,0.3,USD,,,,,,,,,,,,,
S&P 500,SPUSA-500-USDUF--P-US-L--,500,20251204,20251205,PepsiCo Inc,US,USD,PEP.OQ,713448108,PEP,US7134481081,2681511,PEP UQ,XNAS,847901,4758,30201030,24987480,1,1,1,0.99575,0,1,Dividend,1369077000,1,1369077000,1.4225,20251128,US,Distribution,Finalized,20251204,D3000350035303537,1369077000,1369077000,146.91,USD,0,0.3,USD,Ordinary dividend,,,,,,,,,,,,
S&P 500,SPUSA-500-USDUF--P-US-L--,500,20251204,20251216,Pulte Group Inc,US,USD,PHM.N,745867101,PHM,US7458671010,2708841,PHM UN,XNYS,882301,4631,25201030,24991276,1,1,1,0.182,1,0,Dividend,197298000,1,197298000,0.26,20251204,US,Distribution,Finalized,20251215,D3000370037203728,197298000,197298000,127.89,USD,0,0.3,USD,,,,,,,,,,,,,
S&P 500,SPUSA-500-USDUF--P-US-L--,500,20251204,20251212,Global Payments Inc,US,USD,GPN.N,37940X102,GPN,US37940X1028,2712013,GPN UN,XNYS,14191301,33850,40201060,24988996,1,1,1,0.175,0,1,Dividend,242607000,1,242607000,0.25,20251201,US,Distribution,Finalized,20251211,D2000270027902795,242607000,242607000,79.74,USD,0,0.3,USD,,,,,,,,,,,,,
S&P 500,SPUSA-500-USDUF--P-US-L--,500,20251204,20251205,Nasdaq Inc,US,USD,NDAQ.OQ,631103108,NDAQ,US6311031081,2965107,NDAQ UQ,XNAS,14933701,41989,40203040,24987511,1,0.79,1,0.189,0.41,0.59,Dividend,573795000,1,453298050,0.27,20251128,US,Distribution,Finalized,20251204,D8000870087708777,453298050,453298050,90.29,USD,0,0.3,USD,Ordinary dividend,,,,,,,,,,,,
S&P 500,SPUSA-500-USDUF--P-US-L--,500,20251204,20251215,Leidos Holdings Inc,US,USD,LDOS.N,525327102,LDOS,US5253271028,BDV82B8,LDOS UN,XNYS,16512301,44198,20202020,24990298,1,1,1,0.301,0.52,0.48,Dividend,128297000,1,128297000,0.43,20251203,US,Distribution,Finalized,20251212,D2000270027902791,128297000,128297000,192.42,USD,0,0.3,USD,,,,,,,,,,,,,
S&P 500,SPUSA-500-USDUF--P-US-L--,500,20251204,20251210,PPL Corp,US,USD,PPL.N,69351T106,PPL,US69351T1060,2680905,PPL UN,XNYS,845501,5126,55101010,24988220,1,1,1,0.19075,0.52,0.48,Dividend,739515000,1,739515000,0.2725,20251201,US,Distribution,Finalized,20251209,D7000750075307535,739515000,739515000,34.16,USD,0,0.3,USD,,,,,,,,,,,,,
S&P 500,SPUSA-500-USDUF--P-US-L--,500,20251204,20251205,Trane Technologies plc,US,USD,TT.N,G8994E103,TT,IE00BK9ZQ967,BK9ZQ96,TT UN,XNYS,595901,4910,20102010,24987207,1,1,1,0.658,1,0,Dividend,222515000,1,222515000,0.94,20251128,US,Distribution,Finalized,20251204,D2000230023502353,222515000,222515000,405.35,USD,0,0.3,USD,,,,,,,,,,,,,
S&P 500,SPUSA-500-USDUF--P-US-L--,500,20251204,20251212,Albemarle Corp,US,USD,ALB.N,12653101,ALB,US0126531013,2046853,ALB UN,XNYS,2975101,9173,15101050,24988880,1,1,1,0.2835,0,1,Dividend,117683000,1,117683000,0.405,20251201,US,Distribution,Finalized,20251211,D1000130013501357,117683000,117683000,119.14,USD,0,0.3,USD,,,,,,,,,,,,,
S&P 500,SPUSA-500-USDUF--P-US-L--,500,20251204,20251208,Alphabet Inc C,US,USD,GOOG.OQ,02079K107,GOOG,US02079K1079,BYY88Y7,GOOG UQ,XNAS,16032903,351217,50203010,24988322,1,0.86,1,0.147,1,0,Dividend,5430000000,1,4669800000,0.21,20251201,US,Distribution,Finalized,20251205,D9000950095309535,4669800000,4669800000,318.39,USD,0,0.3,USD,Ordinary dividend,,,,,,,,,,,,
S&P 500,SPUSA-500-USDUF--P-US-L--,500,20251204,20251215,Digital Realty Trust,US,USD,DLR.N,253868103,DLR,US2538681030,B03GQS4,DLR UN,XNYS,16099101,41221,60108050,24989728,1,0.94,1,0.854,0,1,Dividend,341050000,1,320587000,1.22,20251202,US,Distribution,Finalized,20251212,D8000860086708675,320587000,320587000,161.02,USD,0,0.3,USD,,,,,,,,,,,,,
S&P 500,SPUSA-500-USDUF--P-US-L--,500,20251204,20251212,Broadridge Financial Solutions Inc.,US,USD,BR.N,11133T103,BR,US11133T1034,B1VP7R6,BR UN,XNYS,17692801,44387,20202030,24988909,1,1,1,0.6825,0.44,0.56,Dividend,117129000,1,117129000,0.975,20251201,US,Distribution,Finalized,20251211,D2000270027902795,117129000,117129000,230.88,USD,0,0.3,USD,,,,,,,,,,,,,
S&P 500,SPUSA-500-USDUF--P-US-L--,500,20251204,20251210,Simon Property Group A,US,USD,SPG.N,828806109,SPG,US8288061091,2812452,SPG UN,XNYS,2938901,9762,60107010,24988211,1,1,1,1.54,1,0,Dividend,326485000,1,326485000,2.2,20251201,US,Distribution,Finalized,20251209,D8000860086708672,326485000,326485000,183.32,USD,0,0.3,USD,,,,,,,,,,,,,
S&P 500,SPUSA-500-USDUF--P-US-L--,500,20251204,20251208,Alphabet Inc A,US,USD,GOOGL.OQ,02079K305,GOOGL,US02079K3059,BYVY8G0,GOOGL UQ,XNAS,16032901,41032,50203010,24988325,1,1,1,0.147,1,0,Dividend,5817000000,1,5817000000,0.21,20251201,US,Distribution,Finalized,20251205,D9000950095309535,5817000000,5817000000,317.62,USD,0,0.3,USD,Ordinary dividend,,,,,,,,,,,,
S&P 500,SPUSA-500-USDUF--P-US-L--,500,20251204,20251212,Chubb Limited,US,USD,CB.N,H1467J104,CB,CH0044328745,B3BQMF6,CB UN,XNYS,2803401,16540,40301040,24988905,1,0.93,1,0.679,0,1,Dividend,398690000,1,370781700,0.97,20251201,US,Distribution,Finalized,20251211,D8000850085308536,370781700,370781700,294.64,USD,0,0.3,USD,,,,,,,,,,,,,
S&P 500,SPUSA-500-USDUF--P-US-L--,500,20251204,20251215,FedEx Corp,US,USD,FDX.N,31428X106,FDX,US31428X1063,2142784,FDX UN,XNYS,459801,5182,20301010,24990284,1,0.92,1,1.015,0,1,Dividend,235899000,1,217027080,1.45,20251203,US,Distribution,Finalized,20251212,D2000270027702771,217027080,217027080,274.05,USD,0,0.3,USD,,,,,,,,,,,,,
S&P 500,SPUSA-500-USDUF--P-US-L--,500,20251204,20251205,Northern Trust Corp (IL),US,USD,NTRS.OQ,665859104,NTRS,US6658591044,2648668,NTRS UQ,XNAS,798201,4155,40203010,24987521,1,1,1,0.56,0,1,Dividend,191233000,1,191233000,0.8,20251128,US,Distribution,Finalized,20251204,D8000870087708771,191233000,191233000,133.21,USD,0,0.3,USD,Ordinary dividend,,,,,,,,,,,,
S&P 500,SPUSA-500-USDUF--P-US-L--,500,20251204,20251209,Fidelity National Information,US,USD,FIS.N,31620M106,FIS,US31620M1062,2769796,FIS UN,XNYS,16599301,35144,40201060,24988189,1,1,1,0.28,0,1,Dividend,522379000,1,522379000,0.4,20251201,US,Distribution,Finalized,20251208,D2000270027902795,522379000,522379000,65.56,USD,0,0.3,USD,,,,,,,,,,,,,
S&P 500,SPUSA-500-USDUF--P-US-L--,500,20251204,20251205,AMETEK Inc,US,USD,AME.N,31100100,AME,US0311001004,2089212,AME UN,XNYS,159801,4619,20104010,24985201,1,1,1,0.217,0.47,0.53,Dividend,230954000,1,230954000,0.31,20251125,US,Distribution,Finalized,20251204,D2000270027302733,230954000,230954000,199.22,USD,0,0.3,USD,,,,,,,,,,,,,
S&P 500,SPUSA-500-USDUF--P-US-L--,500,20251204,20251205,General Motors Company,US,USD,GM.N,37045V100,GM,US37045V1008,B665KZ5,GM UN,XNYS,507319,267599,25102010,24987247,1,1,1,0.105,0,1,Dividend,952078000,1,952078000,0.15,20251128,US,Distribution,Finalized,20251204,D3000330033503353,952078000,952078000,75.29,USD,0,0.3,USD,,,,,,,,,,,,,
S&P 500,SPUSA-500-USDUF--P-US-L--,500,20251204,20251210,Public Service Enterprise Grp,US,USD,PEG.N,744573106,PEG,US7445731067,2707677,PEG UN,XNYS,881001,5211,55103010,24988205,1,1,1,0.441,0.47,0.53,Dividend,499080000,1,499080000,0.63,20251201,US,Distribution,Finalized,20251209,D7000750075707575,499080000,499080000,80.77,USD,0,0.3,USD,,,,,,,,,,,,,
S&P 500,SPUSA-500-USDUF--P-US-L--,500,20251204,20251205,"Elevance Health, Inc.",US,USD,ELV.N,36752103,ELV,US0367521038,BSPHGL4,ELV UN,XNYS,14504601,36128,35102030,24987239,1,1,1,1.197,0,1,Dividend,225178000,1,225178000,1.71,20251128,US,Distribution,Finalized,20251204,D4000450045304533,225178000,225178000,333.49,USD,0,0.3,USD,,,,,,,,,,,,,
S&P 500,SPUSA-500-USDUF--P-US-L--,500,20251204,20251209,Ross Stores Inc,US,USD,ROST.OQ,778296103,ROST,US7782961038,2746711,ROST UQ,XNAS,924801,3945,25504010,24989493,1,1,1,0.2835,0,1,Dividend,327071000,1,327071000,0.405,20251202,US,Distribution,Finalized,20251208,D5000530053705371,327071000,327071000,177.09,USD,0,0.3,USD,Ordinary dividend,,,,,,,,,,,,
S&P 500,SPUSA-500-USDUF--P-US-L--,500,20251204,20251216,Best Buy Co Inc,US,USD,BBY.N,86516101,BBY,US0865161014,2094670,BBY UN,XNYS,218401,7372,25504020,24991269,1,0.93,1,0.665,0,1,Dividend,211347000,1,196552710,0.95,20251204,US,Distribution,Finalized,20251215,D5000530053705379,196552710,196552710,74.06,USD,0,0.3,USD,,,,,,,,,,,,,
S&P 500,SPUSA-500-USDUF--P-US-L--,500,20251204,20251205,Dominion Energy Inc,US,USD,D.N,25746U109,D,US25746U1097,2542049,D UN,XNYS,402901,5019,55103010,24987211,1,1,1,0.46725,0,1,Dividend,853434000,1,853434000,0.6675,20251128,US,Distribution,Finalized,20251204,D7000750075707575,853434000,853434000,59.84,USD,0,0.3,USD,,,,,,,,,,,,,
S&P 500,SPUSA-500-USDUF--P-US-L--,500,20251204,20251216,Allegion plc,US,USD,ALLE.N,G0176J109,ALLE,IE00BFRT3W74,BFRT3W7,ALLE UN,XNYS,31605601,312801,20102010,24991262,1,1,1,0.357,0.53,0.47,Dividend,85847000,1,85847000,0.51,20251204,US,Distribution,Finalized,20251215,D2000230023502353,85847000,85847000,160.85,USD,0,0.3,USD,,,,,,,,,,,,,
S&P 500,SPUSA-500-USDUF--P-US-L--,500,20251204,20251205,Brown-Forman Corp B,US,USD,BFb.N,115637209,BF.B,US1156372096,2146838,BF/B UN,XNYS,243501,4947,30201020,24987271,1,0.58,1,0.1617,0,1,Dividend,303609000,1,176093220,0.231,20251128,US,Distribution,Finalized,20251204,D3000350035303535,176093220,176093220,29.7,USD,0,0.3,USD,,,,,,,,,,,,,
S&P 500,SPUSA-500-USDUF--P-US-L--,500,20251204,20251215,Packaging Corp of America,US,USD,PKG.N,695156109,PKG,US6951561090,2504566,PKG UN,XNYS,12897801,29903,15103020,24991193,1,1,1,0.875,0.5,0.5,Dividend,89368000,1,89368000,1.25,20251204,US,Distribution,Finalized,20251212,D2000270027202723,89368000,89368000,196.63,USD,0,0.3,USD,,,,,,,,,,,,,
S&P 500,SPUSA-500-USDUF--P-US-L--,500,20251204,20251210,Travelers Cos Inc,US,USD,TRV.N,8.94E+113,TRV,US89417E1091,2769503,TRV UN,XNYS,6268905,4792,40301040,24988825,1,1,1,0.77,0,1,Dividend,225134000,1,225134000,1.1,20251201,US,Distribution,Finalized,20251209,D8000850085308536,225134000,225134000,282.85,USD,0,0.3,USD,,,,,,,,,,,,,
S&P 500,SPUSA-500-USDUF--P-US-L--,500,20251204,,FedEx Corp,US,USD,FDX.N,31428X106,FDX,US31428X1063,2142784,FDX UN,XNYS,459801,5182,20301010,100486,,,,,,,Spin-Off,,,,,20251204,US,Information,Pending,,D2000270027702771,,,,,,,USD,"FedEx Corp (XNYS: FDX) announced plans to separate its less-then-truckload (LT) freight division, FedEx Freight (XNYS: FDXF). The distribution is expected to occur by June 2026. SPDJI will treat this transaction as a zero price spin off.",FedEx Freight,FDXF_spin,8342943,XNYS,,,,,,,,
S&P 500,SPUSA-500-USDUF--P-US-L--,500,20251204,20251209,Walmart Inc.,US,USD,WMT.N,931142103,WMT,US9311421039,2936921,WMT UN,XNYS,1125901,4888,30101040,,,0.55,1,,0.67,0.33,Stock Profile Changes,7980418000,1,4389229900,,20251121,,Profile Change,Finalized,20251208,D5000530053705373,4389229900,4389229900,114.84,,,,USD,,,,,,WMT.OQ,WMT UQ,XNAS,,,,,
S&P 500,SPUSA-500-USDUF--P-US-L--,500,20251204,,Union Pacific Corp,US,USD,UNP.N,907818108,UNP,US9078181081,2914734,UNP UN,XNYS,1086701,5067,20304010,101128,,,,,,,Merger/Acquisition,,,,,20251204,US,Information,Pending,,D2000270027702775,,,,,,,USD,"Union Pacific Corp (XNYS: UNP) is to acquire Norfolk Southern Corp (XNYS: NSC) for cash and stock. Shareholders will receive $88.82 USD cash and 1.00 UNP share for every NSC share held. The transaction, which is subject to shareholder and regulatory approvals, is expected to close by early 2027.",Norfolk Southern Corp,NSC,5204,XNYS,,,,1,1,Union Pacific Corp,88.82,
S&P 500,SPUSA-500-USDUF--P-US-L--,500,20251204,,Kimberly-Clark,US,USD,KMB.OQ,494368103,KMB,US4943681035,2491839,KMB UQ,XNAS,643501,5112,30301010,102205,,,,,,,Merger/Acquisition,,,,,20251204,US,Information,Pending,,D3000370037203724,,,,,,,USD,"Kimberly-Clark (XNAS: KMB) is to acquire Kenvue Inc (XNYS: KVUE) for cash and stock. Shareholders will receive $3.50 USD cash and 0.14625 KMB shares for every KVUE share held. The transaction, which is subject to shareholder and regulatory approvals, is expected to close in the second half of 2026",Kenvue Inc.,KVUE,8325036,XNYS,,,,0.14625,1,Kimberly-Clark,3.5,
S&P 500,SPUSA-500-USDUF--P-US-L--,500,20251204,,"Dayforce, Inc.",US,USD,DAY.N,15677J108,DAY,US15677J1088,BFX1V56,DAY UN,XNYS,2354601,814966,20202010,101404,,,,,,,Merger/Acquisition,,,,,20251204,US,Information,Pending,,D2000270027902793,,,,,,,USD,"Thoma Bravo is to acquire Dayforce Inc (XNYSE: DAY) for $70.00 USD cash per share. The transaction, which is subject to shareholder and regulatory approvals, is expected to close in early 2026.","Dayforce, Inc.",DAY,814966,XNYS,,,,,,Private Company,70,
S&P 500,SPUSA-500-USDUF--P-US-L--,500,20251204,20251222,,,,,,,,,,,,,,,,,,,,,Index Rebalancing,,,,,20251202,,Information,Finalized,20251219,,,,,,,,USD,,,,,,,,,,,,,20251222
S&P 500,SPUSA-500-USDUF--P-US-L--,500,20251204,,Charter Communications Inc A,US,USD,CHTR.OQ,16119P108,CHTR,US16119P1084,BZ6VT82,CHTR UQ,XNAS,12613603,258081,50201030,98304,,,,,,,Merger/Acquisition,,,,,20251204,US,Information,Pending,,D5000550055505553,,,,,,,USD,"Charter Communications Inc (XNAS: CHTR)  is to acquire Liberty Broadband Corp A/C (XNAS: LBRDA/ LBDRK). Shareholders will receive 0.236 CHTR shares for every LBRDA/ LBDRK held. The transaction, which is subject to shareholder and regulatory approvals, is expected to close on June 30, 2027.",Liberty Broadband Corp A,LBRDA,354582,XNAS,,,,0.236,1,Charter Communications Inc A,,
S&P 500,SPUSA-500-USDUF--P-US-L--,500,20251204,,American Water Works Co Inc,US,USD,AWK.N,30420103,AWK,US0304201033,B2R3PV1,AWK UN,XNYS,17943701,51500,55104010,102108,,,,,,,Merger/Acquisition,,,,,20251204,US,Information,Pending,,D7000750075707577,,,,,,,USD,"American Water Works Co (XNYS: AWK) is to acquire Essential Utilities Inc (XNYS: WTRG) for stock. Shareholders will receive 0.305 AWK shares for every WTRG share held. The transaction, which is subject to shareholder and regulatory approvals, is expected to close by the end of first quarter of 2027.",Essential Utilities Inc,WTRG,8717,XNYS,,,,0.305,1,American Water Works Co Inc,,
S&P 500,SPUSA-500-USDUF--P-US-L--,500,20251204,,Blackstone Inc.,US,USD,BX.N,09260D107,BX,US09260D1072,BKF2SL7,BX UN,XNYS,17708801,46585,40203010,102046,,,,,,,Merger/Acquisition,,,,,20251204,US,Information,Pending,,D8000870087708771,,,,,,,USD,"BX and TPG and others are to acquire Hologic Inc. (XNAS: HOLX) for $76.00 USD cash per share plus a non-tradeable CVR worth up to $3.00 USD. The transaction is expected to close in H1 2026, pending shareholder approval, regulatory approvals, and other customary closing conditions.",Hologic Inc,HOLX,15658,XNAS,,,,,,Blackstone Inc.,76,
S&P 500,SPUSA-500-USDUF--P-US-L--,500,20251204,,Palo Alto Networks Inc.,US,USD,PANW.OQ,697435105,PANW,US6974351057,B87ZMX0,PANW UQ,XNAS,17106701,306762,45103020,101145,,,,,,,Merger/Acquisition,,,,,20251204,US,Information,Pending,,D9000950095309537,,,,,,,USD,"Palo Alto Networks (XNAS: PANW) is to acquire Cyber-Ark Software Ltd (XNAS: CYBR) for cash and stock. Shareholders will receive $45.00 USD cash and 2.2005 PANW shares for every CYBR share held. The transaction, which is subject to shareholder and regulatory approvals, is expected to close during the second half of PANW's fiscal 2026 (which ends on July 31, 2026)",Cyber-Ark Software Ltd/Israel,CYBR,359502,XNAS,,,,2.2005,1,Palo Alto Networks Inc.,45,
S&P 500,SPUSA-500-USDUF--P-US-L--,500,20251204,,VICI Properties Inc.,US,USD,VICI.N,925652109,VICI,US9256521090,BYWH073,VICI UN,XNYS,3258001,812946,60108010,102265,,,,,,,Merger/Acquisition,,,,,20251204,US,Information,Pending,,D8000860086708675,,,,,,,USD,"VICI Properties Inc. (XNYS: VICI) and Blake Sartini are to acquire Golden Entertainment Inc. (XNAS:GDEN) for stock and cash. GDEN Shareholders will receive 0.902 shares of VICI and $2.75 USD cash for every share of GDEN held. The transaction is expected to close in the second half of 2026, pending shareholder approval, regulatory approvals and other customary closing conditions.",Golden Entertainment Inc,GDEN,27008,XNAS,,,,0.902,1,VICI Properties Inc.,2.75,
S&P 500,SPUSA-500-USDUF--P-US-L--,500,20251204,,Boeing Co,US,USD,BA.N,97023105,BA,US0970231058,2108601,BA UN,XNYS,228501,4642,20101010,96804,,,,,,,Merger/Acquisition,,,,,20251204,US,Information,Pending,,D2000270027102713,,,,,,,USD,"Boeing Co(XNYS:BA) will acquire Spirit Aerosystems Holdings A(XNYS:SPR) in an all-stock transaction. SPR SHs will receive 0.25 shares of BA common stock for each of their shares of SPR common stock if the Closing Price is at or below $149.00, and 0.18 shares of BA common stock for each of their shares of SPR common stock if the Closing Price is at or above $206.94. The transaction is expected to close mid-2025, subject to regulatory and Spirit shareholder approvals.",Spirit Aerosystems Holdings A,SPR,44358,XNYS,,,,0.25,1,Boeing Co,,
S&P 500,SPUSA-500-USDUF--P-US-L--,500,20251204,,Huntington Bancshares (OH),US,USD,HBAN.OQ,446150104,HBAN,US4461501045,2445966,HBAN UQ,XNAS,578601,4351,40101015,102107,,,,,,,Merger/Acquisition,,,,,20251204,US,Information,Pending,,D8000830083508355,,,,,,,USD,"Huntington Bancshares Inc (XNAS: HBAN) is to acquire Cadence Bank (XNAS: CADE) for stock. Shareholders will receive 2.475 HBAN shares for every CADE share held. The transaction, which is subject to shareholder and regulatory approvals, is expected to close in the first quarter of 2026.",Cadence Bank,CADE,5483,XNYS,,,,2.475,1,Huntington Bancshares (OH),,
S&P 500,SPUSA-500-USDUF--P-US-L--,500,20251204,,Kellanova,US,USD,K.N,487836108,K,US4878361082,2486813,K UN,XNYS,637501,4656,30202030,97261,,,,,,,Merger/Acquisition,,,,,20251204,US,Information,Pending,,D3000350035703577,,,,,,,USD,"Mars Inc. is to acquire Kellanova Co (XNYS: K) for $83.50 USD cash per share. The transaction, which is subject to shareholder and regulatory approvals, is expected to close in the first half of 2025.",Kellanova,K,4656,XNYS,,,,,,Private Company,83.5,
S&P 500,SPUSA-500-USDUF--P-US-L--,500,20251204,,Fifth Third Bancorp (OH),US,USD,FITB.OQ,316773100,FITB,US3167731005,2336747,FITB UQ,XNAS,464001,4127,40101010,101869,,,,,,,Merger/Acquisition,,,,,20251204,US,Information,Pending,,D8000830083508355,,,,,,,USD,"Fifth Third Bancorp (XNAS: FITB) is to acquire Comerica Inc (XNYS: CMA) for stock. Shareholders will receive 1.8663 FITB shares for every MA share held. The transaction, which is subject to shareholder and regulatory approvals, is expected to close in the first quarter of 2026.",Comerica Inc,CMA,3806,XNYS,,,,1.8663,1,Fifth Third Bancorp (OH),,
S&P 500,SPUSA-500-USDUF--P-US-L--,500,20251204,,Electronic Arts,US,USD,EA.OQ,285512109,EA,US2855121099,2310194,EA UQ,XNAS,1672101,4001,50202020,101773,,,,,,,Merger/Acquisition,,,,,20251204,US,Information,Pending,,D3000370037403747,,,,,,,USD,"An investor consortium comprised of PIF, Silver Lake, and Affinity Partners are to acquire Electronic Arts (XNAS: EA) for $210.00 USD cash per share. The transaction, which is subject to shareholder and regulatory approvals, is expected to close in the first quarter of 2027.",Electronic Arts,EA,4001,XNAS,,,,,,Private Company,210,
S&P 500,SPUSA-500-USDUF--P-US-L--,500,20251204,,Skyworks Solutions Inc,US,USD,SWKS.OQ,83088M102,SWKS,US83088M1027,2961053,SWKS UQ,XNAS,132701,12420,45301020,102127,,,,,,,Merger/Acquisition,,,,,20251204,US,Information,Pending,,D9000950095709576,,,,,,,USD,"Skyworks Solutions Inc (XNAS: SWKS) is to acquire Qorvo Inc (XNAS: QRVO) for cash and stock. QRVO shareholders will receive $32.50 USD cash and 0.960 shares of SWKS for every share of QRVO held. The transaction is expected to close in early calendar year 2027, pending shareholder approval, regulatory approvals and other customary closing conditions.","Qorvo, Inc",QRVO,22599,XNAS,,,,0.96,1,Skyworks Solutions Inc,32.5,
